"topics","topic.order"
"1","259"
"2","228"
"3","82"
"4","200"
"5","167"
"6","325"
"7","222"
"8","168"
"9","137"
"10","237"
"11","136"
"12","7"
"13","10"
"14","81"
"15","375"
"16","124"
"17","177"
"18","39"
"19","75"
"20","135"
"21","68"
"22","70"
"23","297"
"24","332"
"25","4"
"26","220"
"27","57"
"28","356"
"29","176"
"30","138"
"31","216"
"32","148"
"33","63"
"34","234"
"35","242"
"36","204"
"37","384"
"38","323"
"39","179"
"40","170"
"41","292"
"42","115"
"43","378"
"44","95"
"45","18"
"46","391"
"47","395"
"48","12"
"49","3"
"50","66"
"51","287"
"52","285"
"53","275"
"54","182"
"55","278"
"56","282"
"57","206"
"58","73"
"59","191"
"60","24"
"61","130"
"62","225"
"63","289"
"64","354"
"65","140"
"66","270"
"67","56"
"68","13"
"69","246"
"70","96"
"71","108"
"72","294"
"73","245"
"74","345"
"75","186"
"76","355"
"77","145"
"78","99"
"79","230"
"80","321"
"81","291"
"82","396"
"83","308"
"84","42"
"85","337"
"86","330"
"87","33"
"88","60"
"89","47"
"90","261"
"91","226"
"92","46"
"93","100"
"94","241"
"95","86"
"96","52"
"97","329"
"98","121"
"99","152"
"100","256"
"101","371"
"102","370"
"103","175"
"104","339"
"105","362"
"106","247"
"107","313"
"108","326"
"109","274"
"110","271"
"111","335"
"112","303"
"113","343"
"114","127"
"115","213"
"116","376"
"117","393"
"118","85"
"119","174"
"120","310"
"121","352"
"122","314"
"123","249"
"124","350"
"125","399"
"126","69"
"127","361"
"128","353"
"129","87"
"130","382"
"131","239"
"132","97"
"133","296"
"134","340"
"135","372"
"136","383"
"137","105"
"138","284"
"139","178"
"140","293"
"141","363"
"142","236"
"143","49"
"144","268"
"145","331"
"146","264"
"147","26"
"148","302"
"149","258"
"150","190"
"151","286"
"152","360"
"153","32"
"154","253"
"155","157"
"156","266"
"157","344"
"158","333"
"159","263"
"160","193"
"161","357"
"162","151"
"163","244"
"164","276"
"165","147"
"166","211"
"167","120"
"168","364"
"169","166"
"170","129"
"171","84"
"172","349"
"173","92"
"174","106"
"175","65"
"176","58"
"177","11"
"178","229"
"179","358"
"180","110"
"181","20"
"182","55"
"183","311"
"184","252"
"185","67"
"186","221"
"187","80"
"188","51"
"189","150"
"190","196"
"191","315"
"192","161"
"193","202"
"194","212"
"195","342"
"196","318"
"197","374"
"198","273"
"199","156"
"200","133"
"201","280"
"202","377"
"203","327"
"204","373"
"205","50"
"206","89"
"207","117"
"208","322"
"209","72"
"210","265"
"211","217"
"212","269"
"213","385"
"214","227"
"215","365"
"216","324"
"217","254"
"218","77"
"219","272"
"220","103"
"221","368"
"222","210"
"223","187"
"224","143"
"225","83"
"226","88"
"227","260"
"228","126"
"229","198"
"230","306"
"231","31"
"232","25"
"233","128"
"234","173"
"235","116"
"236","201"
"237","36"
"238","312"
"239","316"
"240","328"
"241","123"
"242","231"
"243","346"
"244","98"
"245","132"
"246","248"
"247","107"
"248","295"
"249","195"
"250","348"
"251","262"
"252","347"
"253","305"
"254","169"
"255","141"
"256","38"
"257","185"
"258","380"
"259","160"
"260","255"
"261","119"
"262","153"
"263","233"
"264","74"
"265","207"
"266","183"
"267","386"
"268","14"
"269","23"
"270","290"
"271","163"
"272","35"
"273","307"
"274","379"
"275","359"
"276","164"
"277","118"
"278","59"
"279","301"
"280","41"
"281","154"
"282","192"
"283","101"
"284","1"
"285","267"
"286","94"
"287","243"
"288","320"
"289","9"
"290","76"
"291","180"
"292","29"
"293","162"
"294","188"
"295","341"
"296","122"
"297","288"
"298","338"
"299","159"
"300","203"
"301","30"
"302","131"
"303","336"
"304","189"
"305","93"
"306","134"
"307","215"
"308","19"
"309","317"
"310","319"
"311","388"
"312","91"
"313","199"
"314","387"
"315","390"
"316","251"
"317","205"
"318","114"
"319","238"
"320","398"
"321","240"
"322","113"
"323","43"
"324","45"
"325","64"
"326","149"
"327","392"
"328","351"
"329","219"
"330","304"
"331","78"
"332","111"
"333","16"
"334","223"
"335","214"
"336","394"
"337","54"
"338","218"
"339","197"
"340","281"
"341","109"
"342","257"
"343","397"
"344","5"
"345","21"
"346","277"
"347","146"
"348","6"
"349","61"
"350","283"
"351","250"
"352","369"
"353","22"
"354","194"
"355","165"
"356","28"
"357","27"
"358","367"
"359","366"
"360","232"
"361","298"
"362","389"
"363","184"
"364","181"
"365","209"
"366","208"
"367","279"
"368","381"
"369","139"
"370","48"
"371","172"
"372","53"
"373","309"
"374","299"
"375","300"
"376","71"
"377","142"
"378","155"
"379","334"
"380","37"
"381","224"
"382","2"
"383","15"
"384","90"
"385","40"
"386","104"
"387","125"
"388","144"
"389","112"
"390","8"
"391","102"
"392","79"
"393","34"
"394","17"
"395","158"
"396","62"
"397","44"
"398","171"
"399","235"
"400","400"
